{
  "Open contacts" : {
    "transaction" : "Open contacts",
    "sampleCount" : 14,
    "errorCount" : 0,
    "errorPct" : 0.0,
    "meanResTime" : 18.857142857142858,
    "medianResTime" : 20.5,
    "minResTime" : 0.0,
    "maxResTime" : 41.0,
    "pct1ResTime" : 39.0,
    "pct2ResTime" : 41.0,
    "pct3ResTime" : 41.0,
    "throughput" : 0.4827752681126935,
    "receivedKBytesPerSec" : 30.272090470792097,
    "sentKBytesPerSec" : 0.7031492465257423
  },
  "Total" : {
    "transaction" : "Total",
    "sampleCount" : 24,
    "errorCount" : 0,
    "errorPct" : 0.0,
    "meanResTime" : 145.33333333333334,
    "medianResTime" : 35.5,
    "minResTime" : 0.0,
    "maxResTime" : 901.0,
    "pct1ResTime" : 270.5,
    "pct2ResTime" : 745.0,
    "pct3ResTime" : 901.0,
    "throughput" : 0.8024340499515196,
    "receivedKBytesPerSec" : 82.18702851775386,
    "sentKBytesPerSec" : 3.5857465562205357
  },
  "/blog/-586" : {
    "transaction" : "/blog/-586",
    "sampleCount" : 10,
    "errorCount" : 0,
    "errorPct" : 0.0,
    "meanResTime" : 322.40000000000003,
    "medianResTime" : 258.5,
    "minResTime" : 248.0,
    "maxResTime" : 901.0,
    "pct1ResTime" : 838.6000000000003,
    "pct2ResTime" : 901.0,
    "pct3ResTime" : 901.0,
    "throughput" : 0.5506607929515419,
    "receivedKBytesPerSec" : 87.01935486646475,
    "sentKBytesPerSec" : 4.782790129405286
  },
  "Open main page" : {
    "transaction" : "Open main page",
    "sampleCount" : 10,
    "errorCount" : 0,
    "errorPct" : 0.0,
    "meanResTime" : 322.40000000000003,
    "medianResTime" : 258.5,
    "minResTime" : 248.0,
    "maxResTime" : 901.0,
    "pct1ResTime" : 838.6000000000003,
    "pct2ResTime" : 901.0,
    "pct3ResTime" : 901.0,
    "throughput" : 0.547945205479452,
    "receivedKBytesPerSec" : 86.5902183219178,
    "sentKBytesPerSec" : 4.759203767123288
  },
  "/blog/contact-611" : {
    "transaction" : "/blog/contact-611",
    "sampleCount" : 10,
    "errorCount" : 0,
    "errorPct" : 0.0,
    "meanResTime" : 26.400000000000002,
    "medianResTime" : 23.5,
    "minResTime" : 17.0,
    "maxResTime" : 41.0,
    "pct1ResTime" : 40.6,
    "pct2ResTime" : 41.0,
    "pct3ResTime" : 41.0,
    "throughput" : 0.578904712284358,
    "receivedKBytesPerSec" : 50.81974942471344,
    "sentKBytesPerSec" : 1.1804228898923237
  }
}