{
  "Open contacts" : {
    "transaction" : "Open contacts",
    "sampleCount" : 10,
    "errorCount" : 0,
    "errorPct" : 0.0,
    "meanResTime" : 26.900000000000002,
    "medianResTime" : 27.0,
    "minResTime" : 17.0,
    "maxResTime" : 48.0,
    "pct1ResTime" : 46.400000000000006,
    "pct2ResTime" : 48.0,
    "pct3ResTime" : 48.0,
    "throughput" : 0.5755726948313572,
    "receivedKBytesPerSec" : 50.22658678197307,
    "sentKBytesPerSec" : 1.1736286980545643
  },
  "Total" : {
    "transaction" : "Total",
    "sampleCount" : 20,
    "errorCount" : 0,
    "errorPct" : 0.0,
    "meanResTime" : 159.35,
    "medianResTime" : 131.5,
    "minResTime" : 17.0,
    "maxResTime" : 762.0,
    "pct1ResTime" : 257.3,
    "pct2ResTime" : 736.7999999999996,
    "pct3ResTime" : 762.0,
    "throughput" : 1.1014428901861437,
    "receivedKBytesPerSec" : 132.411237040836,
    "sentKBytesPerSec" : 5.671247693853949
  },
  "/blog/-586" : {
    "transaction" : "/blog/-586",
    "sampleCount" : 10,
    "errorCount" : 0,
    "errorPct" : 0.0,
    "meanResTime" : 291.79999999999995,
    "medianResTime" : 242.0,
    "minResTime" : 215.0,
    "maxResTime" : 762.0,
    "pct1ResTime" : 711.6000000000001,
    "pct2ResTime" : 762.0,
    "pct3ResTime" : 762.0,
    "throughput" : 0.5516328331862312,
    "receivedKBytesPerSec" : 84.4928576476997,
    "sentKBytesPerSec" : 4.5558192092343335
  },
  "Open main page" : {
    "transaction" : "Open main page",
    "sampleCount" : 10,
    "errorCount" : 0,
    "errorPct" : 0.0,
    "meanResTime" : 291.79999999999995,
    "medianResTime" : 242.0,
    "minResTime" : 215.0,
    "maxResTime" : 762.0,
    "pct1ResTime" : 711.6000000000001,
    "pct2ResTime" : 762.0,
    "pct3ResTime" : 762.0,
    "throughput" : 0.5492091388400704,
    "receivedKBytesPerSec" : 84.12162365100507,
    "sentKBytesPerSec" : 4.535802428877417
  },
  "/blog/contact-611" : {
    "transaction" : "/blog/contact-611",
    "sampleCount" : 10,
    "errorCount" : 0,
    "errorPct" : 0.0,
    "meanResTime" : 26.900000000000002,
    "medianResTime" : 27.0,
    "minResTime" : 17.0,
    "maxResTime" : 48.0,
    "pct1ResTime" : 46.400000000000006,
    "pct2ResTime" : 48.0,
    "pct3ResTime" : 48.0,
    "throughput" : 0.5755726948313572,
    "receivedKBytesPerSec" : 50.22658678197307,
    "sentKBytesPerSec" : 1.1736286980545643
  }
}